# 查询语句的元素
> char 和 varchar的区别

数据库中char和varchar的区别为：长度不同、效率不同、存储不同。

一、长度不同

1、char类型：char类型的长度是固定的。

2、varchar类型：varchar类型的长度是可变的。

二、效率不同

1、char类型：char类型每次修改的数据长度相同，效率更高。

2、varchar类型：varchar类型每次修改的数据长度不同，效率更低。

三、存储不同

1、char类型：char类型存储的时候是初始预计字符串再加上一个记录字符串长度的字节，占用空间较大。

2、varchar类型：varchar类型存储的时候是实际字符串再加上一个记录字符串长度的字节，占用空间较小。

## view
> 什么是视图？用途

视图是一个虚拟表。如果一个查询结果要被重用很多次，那么就可以把这个查询结果保存为一个视图。下次要重用的时候，直接去这个视图查询即可。
```sql
-- 1.创建视图
create view tb1 as  select * from student where gender='男';
 
-- 使用视图进行查询。
 
select * from tb1 where class_id>1;
```

## union
```sql
SELECT column,... FROM table1  UNION [ALL] SELECT column,... FROM table2 ... 
```
![](https://gitee.com/super-jimwang/img/raw/master/img/20210324091855.png)
查询两张表中的文章 id 号及标题，并去掉重复记录：

`SELECT aid,title FROM article UNION SELECT bid,title FROM blog `
![](https://gitee.com/super-jimwang/img/raw/master/img/20210324091927.png)

- 重复记录是指查询中各个字段完全重复的记录，如上例，若 title 一样但 id 号不一样算作不同记录。
- 第一个 SELECT 语句中被使用的字段名称也被用于结果的字段名称，如上例的 aid。
- 各SELECT 语句字段名称可以不同，但字段属性必须一致。

### union all
`SELECT aid,title FROM article UNION ALL SELECT bid,title FROM blog `
![](https://gitee.com/super-jimwang/img/raw/master/img/20210324092033.png)

- 显然，使用 UNION ALL 的时候，只是单纯的把各个查询组合到一起而不会去判断数据是否重复。因此，当确定查询结果中不会有重复数据或者不需要去掉重复数据的时候，应当使用 UNION ALL 以提高查询效率。

## join

原理：
Nested Loop Join 实际上就是通过驱动表的结果集作为循环基础数据，然后一条一条的通过该结果集中的数据作为过滤条件到下一个表中查询数据，然后合并结果。

### inner join
两张表重合的部分匹配连接到一起
```sql
mysql> use RUNOOB;
Database changed
mysql> SELECT * FROM tcount_tbl;
+---------------+--------------+
| runoob_author | runoob_count |
+---------------+--------------+
| 菜鸟教程  | 10           |
| RUNOOB.COM    | 20           |
| Google        | 22           |
+---------------+--------------+
3 rows in set (0.01 sec)
 
mysql> SELECT * from runoob_tbl;
+-----------+---------------+---------------+-----------------+
| runoob_id | runoob_title  | runoob_author | submission_date |
+-----------+---------------+---------------+-----------------+
| 1         | 学习 PHP    | 菜鸟教程  | 2017-04-12      |
| 2         | 学习 MySQL  | 菜鸟教程  | 2017-04-12      |
| 3         | 学习 Java   | RUNOOB.COM    | 2015-05-01      |
| 4         | 学习 Python | RUNOOB.COM    | 2016-03-06      |
| 5         | 学习 C      | FK            | 2017-04-05      |
+-----------+---------------+---------------+-----------------+
5 rows in set (0.01 sec)

mysql> SELECT a.runoob_id, a.runoob_author, b.runoob_count FROM runoob_tbl a INNER JOIN tcount_tbl b ON a.runoob_author = b.runoob_author;
+-------------+-----------------+----------------+
| a.runoob_id | a.runoob_author | b.runoob_count |
+-------------+-----------------+----------------+
| 1           | 菜鸟教程    | 10             |
| 2           | 菜鸟教程    | 10             |
| 3           | RUNOOB.COM      | 20             |
| 4           | RUNOOB.COM      | 20             |
+-------------+-----------------+----------------+
4 rows in set (0.00 sec)
```
![](https://gitee.com/super-jimwang/img/raw/master/img/20210223163421.png)
### left join
左边表的全部以及和右边表重合的部分

```sql
mysql> SELECT a.runoob_id, a.runoob_author, b.runoob_count FROM runoob_tbl a LEFT JOIN tcount_tbl b ON a.runoob_author = b.runoob_author;
+-------------+-----------------+----------------+
| a.runoob_id | a.runoob_author | b.runoob_count |
+-------------+-----------------+----------------+
| 1           | 菜鸟教程    | 10             |
| 2           | 菜鸟教程    | 10             |
| 3           | RUNOOB.COM      | 20             |
| 4           | RUNOOB.COM      | 20             |
| 5           | FK              | NULL           |
+-------------+-----------------+----------------+
5 rows in set (0.01 sec)
```
![](https://gitee.com/super-jimwang/img/raw/master/img/20210223163522.png)
### right join
右边表的全部以及和左边表重合的部分
```sql
mysql> SELECT a.runoob_id, a.runoob_author, b.runoob_count FROM runoob_tbl a RIGHT JOIN tcount_tbl b ON a.runoob_author = b.runoob_author;
+-------------+-----------------+----------------+
| a.runoob_id | a.runoob_author | b.runoob_count |
+-------------+-----------------+----------------+
| 1           | 菜鸟教程    | 10             |
| 2           | 菜鸟教程    | 10             |
| 3           | RUNOOB.COM      | 20             |
| 4           | RUNOOB.COM      | 20             |
| NULL        | NULL            | 22             |
+-------------+-----------------+----------------+
5 rows in set (0.01 sec)
```
![](https://gitee.com/super-jimwang/img/raw/master/img/20210223163713.png)

## exists 和 in
```sql
#对B查询涉及id，使用索引，故B表效率高，可用大表 -->外小内大

select * from A where exists (select * from B where A.id=B.id);

#对A查询涉及id，使用索引，故A表效率高，可用大表 -->外大内小

select * from A where A.id in (select id from B);
```
**区别**
1、exists是对外表做loop循环，每次loop循环再对内表（子查询）进行查询，那么因为对内表的查询使用的索引（内表效率高，故可用大表），而外表有多大都需要遍历，不可避免（尽量用小表），故内表大的使用exists，可加快效率；
- 以上面为例，也就是A.id一个一个遍历，如果有A.id=B.id的就筛选出来

2、in是把外表和内表做hash连接，先查询内表，再把内表结果与外表匹配，对外表使用索引（外表效率高，可用大表），而内表多大都需要查询，不可避免，故外表大的使用in，可加快效率。
- 先查询B，然后去A中通过索引查询是否有id一致的


## having
having字句可以让我们筛选成组后的各种数据

当用到了聚合函数后，就不能通过where来筛选了，因为表中并没有这样的数据。

举例：
```sql
SELECT region, SUM(population), SUM(area)
FROM bbc
GROUP BY region
HAVING SUM(area)>1000000
```

## 执行顺序
(1) from
(2) on（跟join一起用，用来筛选右表，比如on right.id = 10。那么在join的时候 只有id=10的右表信息会合并过来）
(3) join
(4) where
(5) group by(开始使用select中的别名，后面的语句中都可以使用)
(6) avg,sum....
(7) having
(8) select
(9) distinct
(10) order by

所有的查询语句都是从from开始执行的，在执行过程中，每个步骤都会为下一个步骤生成一个虚拟表，这个虚拟表将作为下一个执行步骤的输入。

> join的时候大小表怎么选。

left join的时候左边小表。因为是遍历左边的表，然后去右边表中找相同的。

而right join的时候，右边为小表。

## 创建索引
两种方式
```sql
CREATE INDEX index_name ON table_name (column_list)
```

```sql
CREATE TABLE t(
   c1 INT PRIMARY KEY,
   c2 INT NOT NULL,
   c3 INT NOT NULL,
   c4 VARCHAR(10),
   INDEX (c2,c3) 
);
```

> mysql的每一条语句都是原子的吗？

是的，在不启动事务的情况下，每一条语句都是一个事务都是原子的。